id;symbol;name;date;current_price;total_volume
waves;waves;Waves;2020-01-01;1.011314677267319;80100537.50958888
waves;waves;Waves;2020-01-02;1.048537268947032;79977435.86116384
waves;waves;Waves;2020-01-03;0.9541815075748614;64786984.6795445
waves;waves;Waves;2020-01-04;0.9551243387141036;71614476.4970698
waves;waves;Waves;2020-01-05;0.9450787078323388;53343238.52597214
waves;waves;Waves;2020-01-06;0.885075574728598;51193017.26673316
waves;waves;Waves;2020-01-07;0.8936128595947618;57600894.695623934
waves;waves;Waves;2020-01-08;0.8895367795819819;57836552.72084862
waves;waves;Waves;2020-01-09;0.8493984252660749;37902737.684656054
waves;waves;Waves;2020-01-10;0.8231549869432323;39205686.292797625
waves;waves;Waves;2020-01-11;0.8284099514820742;39974051.92241964
waves;waves;Waves;2020-01-12;0.8508805806320872;56254546.18692919
waves;waves;Waves;2020-01-13;0.8450428883604851;45811312.16401653
waves;waves;Waves;2020-01-14;0.8628138433732794;49658273.75166229
waves;waves;Waves;2020-01-15;0.8735592204703713;58210957.27486356
waves;waves;Waves;2020-01-16;0.8960316496381987;71853790.3186001
waves;waves;Waves;2020-01-17;0.8740596678236806;59006038.660315976
waves;waves;Waves;2020-01-18;0.8928384632831644;68993626.63189575
waves;waves;Waves;2020-01-19;0.880579083176821;66660087.89004308
waves;waves;Waves;2020-01-20;0.8867896254512767;72120367.77766001
waves;waves;Waves;2020-01-21;0.8703946288260548;69067022.41668336
waves;waves;Waves;2020-01-22;0.8714982512533855;61705803.60927132
waves;waves;Waves;2020-01-23;0.8835498823225479;63849167.510664515
waves;waves;Waves;2020-01-24;0.8745128281997525;78237854.3664355
waves;waves;Waves;2020-01-25;0.8557264576674227;66497110.949711755
waves;waves;Waves;2020-01-26;0.847214889209998;52668759.54196534
waves;waves;Waves;2020-01-27;0.8698717169675156;58464189.37521348
waves;waves;Waves;2020-01-28;0.8631867029845592;61554806.60189353
waves;waves;Waves;2020-01-29;0.8895499202774834;65242340.06124739
waves;waves;Waves;2020-01-30;0.8699122235060829;77557729.15283975
waves;waves;Waves;2020-01-31;0.8639133014413609;66149301.5219914
waves;waves;Waves;2020-02-01;0.8808356975519404;81905577.3651546
waves;waves;Waves;2020-02-02;0.9083179037304949;66900556.92625968
waves;waves;Waves;2020-02-03;0.9553463394149913;88530040.78619952
waves;waves;Waves;2020-02-04;0.9832093232355352;79453244.98582484
waves;waves;Waves;2020-02-05;0.9672476801179178;73362738.81347468
waves;waves;Waves;2020-02-06;0.9883612606124162;34922009.04753679
waves;waves;Waves;2020-02-07;1.0188854377870584;81361194.85496496
waves;waves;Waves;2020-02-08;1.0887045986853525;111904270.31901069
waves;waves;Waves;2020-02-09;1.0534934769730462;78324040.22170852
waves;waves;Waves;2020-02-10;1.0974177240983571;83951532.24539839
waves;waves;Waves;2020-02-11;1.464012707644455;244199974.3671865
waves;waves;Waves;2020-02-12;1.42896043788314;149195033.82343644
waves;waves;Waves;2020-02-13;1.4296865437494228;101049614.02702008
waves;waves;Waves;2020-02-14;1.4023155124696287;80922806.32510933
waves;waves;Waves;2020-02-15;1.5360075207586275;118307907.48489103
waves;waves;Waves;2020-02-16;1.4703062774599014;154466222.96833518
waves;waves;Waves;2020-02-17;1.394280181717692;70378172.35211876
waves;waves;Waves;2020-02-18;1.3384996018306468;72589343.16304232
waves;waves;Waves;2020-02-19;1.4656023850374222;95661069.30825436
waves;waves;Waves;2020-02-20;1.374923099527326;90853101.25720957
waves;waves;Waves;2020-02-21;1.4832585078725489;117377827.95562342
waves;waves;Waves;2020-02-22;1.4437881603893727;84875025.34934609
waves;waves;Waves;2020-02-23;1.4073666585149924;70754909.93619004
waves;waves;Waves;2020-02-24;1.4466458147621775;69499284.8270798
waves;waves;Waves;2020-02-25;1.3762147310553356;72436796.04878828
waves;waves;Waves;2020-02-26;1.3215547955938642;67250907.64753845
waves;waves;Waves;2020-02-27;1.1656313046201685;59691919.511476725
waves;waves;Waves;2020-02-28;1.202266451276917;56767719.98733107
waves;waves;Waves;2020-02-29;1.1519728547480592;65830254.02796375
waves;waves;Waves;2020-03-01;1.1267153604441509;58592140.14381442
waves;waves;Waves;2020-03-02;1.1174602330962662;49502148.73357295
waves;waves;Waves;2020-03-03;1.1860001494848982;63579067.532081716
waves;waves;Waves;2020-03-04;1.1638765019943844;59640948.80286893
waves;waves;Waves;2020-03-05;1.1995800755553443;73481428.13617936
waves;waves;Waves;2020-03-06;1.313598513257923;103348341.20614779
waves;waves;Waves;2020-03-07;1.3777125545585274;127198853.48240595
waves;waves;Waves;2020-03-08;1.2936133686673041;69012595.95223668
waves;waves;Waves;2020-03-09;1.0954726971836064;60264873.32373949
waves;waves;Waves;2020-03-10;1.08683737668615;58518996.26791285
waves;waves;Waves;2020-03-11;1.2908182870331282;133377519.94733845
waves;waves;Waves;2020-03-12;1.3423072868006967;138535855.4495266
waves;waves;Waves;2020-03-13;0.8148071581664236;65455255.470342524
waves;waves;Waves;2020-03-14;0.873303646018147;50843362.37810966
waves;waves;Waves;2020-03-15;0.8036724948612086;42905649.20710882
waves;waves;Waves;2020-03-16;0.8618862972813051;46781170.432850935
waves;waves;Waves;2020-03-17;0.7429193436320332;45104429.775394455
waves;waves;Waves;2020-03-18;0.8495150494020074;58075044.81500084
waves;waves;Waves;2020-03-19;0.8638419278769429;60084308.24085692
waves;waves;Waves;2020-03-20;0.9506557800400378;62988003.65865203
waves;waves;Waves;2020-03-21;0.948584788705016;63806492.22217465
waves;waves;Waves;2020-03-22;0.926474614153956;49721018.80349189
waves;waves;Waves;2020-03-23;0.8530513370729461;43601138.31686875
waves;waves;Waves;2020-03-24;0.9219215537549438;53238414.66254707
waves;waves;Waves;2020-03-25;0.9315482957717425;51538205.50806229
waves;waves;Waves;2020-03-26;0.9024102913765664;49224702.11497973
waves;waves;Waves;2020-03-27;0.89340991018156;44801950.26974245
waves;waves;Waves;2020-03-28;0.8542742192046919;42077212.22092994
waves;waves;Waves;2020-03-29;0.815574419616562;47784895.69745614
waves;waves;Waves;2020-03-30;0.7748403423116237;38596925.14390919
waves;waves;Waves;2020-03-31;0.8257156284371535;46829751.4326993
waves;waves;Waves;2020-04-01;0.996022882235542;144725483.8162535
waves;waves;Waves;2020-04-02;0.9595599029094025;92386383.87011236
waves;waves;Waves;2020-04-03;0.9627306406837917;65459008.802405015
waves;waves;Waves;2020-04-04;0.9578758753489623;61102946.28151437
waves;waves;Waves;2020-04-05;0.9535453255780859;54053657.43246486
waves;waves;Waves;2020-04-06;0.9393202306158301;53190961.064901
waves;waves;Waves;2020-04-07;0.982460673276537;62986148.36528494
waves;waves;Waves;2020-04-08;0.9893122239799989;68807974.63010345
waves;waves;Waves;2020-04-09;1.0120065069179902;53930795.06544155
waves;waves;Waves;2020-04-10;1.042734758879227;70227054.55990705
waves;waves;Waves;2020-04-11;1.0060511820465814;127524379.1790945
waves;waves;Waves;2020-04-12;1.00068496524438;51719937.8262056
waves;waves;Waves;2020-04-13;0.9992379913208251;47756771.20785642
waves;waves;Waves;2020-04-14;0.9992361346211438;52619769.39764717
waves;waves;Waves;2020-04-15;0.9892135755830243;46968421.10322148
waves;waves;Waves;2020-04-16;0.9612722800055225;52813868.87279857
waves;waves;Waves;2020-04-17;1.0050274447114609;54303709.5189425
waves;waves;Waves;2020-04-18;0.9986622136333608;43147871.70289781
waves;waves;Waves;2020-04-19;1.0391361035246445;61125738.95988037
waves;waves;Waves;2020-04-20;1.0154146336591503;50519325.97998639
waves;waves;Waves;2020-04-21;0.9724309647249628;53967903.796415746
waves;waves;Waves;2020-04-22;0.9623339327134934;52180827.167768195
waves;waves;Waves;2020-04-23;0.9953339472287335;36973945.13574204
waves;waves;Waves;2020-04-24;1.0054509464249606;37667757.84111538
waves;waves;Waves;2020-04-25;1.0086607718578424;31548579.890137598
waves;waves;Waves;2020-04-26;1.0238071301796683;37208793.85848111
waves;waves;Waves;2020-04-27;1.047133133391055;43249456.290467024
waves;waves;Waves;2020-04-28;1.0584313184262535;102022411.00509332
waves;waves;Waves;2020-04-29;1.0565693830240932;45679917.610193774
waves;waves;Waves;2020-04-30;1.098780805331904;43767711.45470052
waves;waves;Waves;2020-05-01;1.0520415868195814;39802546.505699344
waves;waves;Waves;2020-05-02;1.0752206065623753;36519127.543488726
waves;waves;Waves;2020-05-03;1.0891547794313163;35435629.98611712
waves;waves;Waves;2020-05-04;1.0629120059376924;40745228.917696126
waves;waves;Waves;2020-05-05;1.0669005373040858;46700349.74346858
waves;waves;Waves;2020-05-06;1.0529359902520992;37016239.0846282
waves;waves;Waves;2020-05-07;1.0231323352744583;38042304.71500897
waves;waves;Waves;2020-05-08;1.0447927285321357;37537515.554260835
waves;waves;Waves;2020-05-09;1.0526682280178359;42381040.33503304
waves;waves;Waves;2020-05-10;1.0398334278654178;36326952.3401262
waves;waves;Waves;2020-05-11;0.9612826572633606;43753172.08569558
waves;waves;Waves;2020-05-12;0.9362440716223732;37918521.42562706
waves;waves;Waves;2020-05-13;1.070992989474567;50523314.47239094
waves;waves;Waves;2020-05-14;1.061115965912791;56699544.50043591
waves;waves;Waves;2020-05-15;1.0475215766713935;27468135.94751761
waves;waves;Waves;2020-05-16;1.0268445678534062;35119998.73105271
waves;waves;Waves;2020-05-17;1.0296316115999284;31049609.542502005
waves;waves;Waves;2020-05-18;1.049822672182497;36736800.298822485
waves;waves;Waves;2020-05-19;1.060769386669246;30147451.182148863
waves;waves;Waves;2020-05-20;1.0625161931940232;29523885.79498992
waves;waves;Waves;2020-05-21;1.0542373225727018;39099861.270686544
waves;waves;Waves;2020-05-22;1.0164099979139225;60529787.08406591
waves;waves;Waves;2020-05-23;1.0516848603032334;38171881.20269283
waves;waves;Waves;2020-05-24;1.0691025710811333;38477157.01840657
waves;waves;Waves;2020-05-25;1.017730110338175;33976845.053878054
waves;waves;Waves;2020-05-26;1.0567056032491167;32075545.41682985
waves;waves;Waves;2020-05-27;1.0678243797649971;41677073.86723
waves;waves;Waves;2020-05-28;1.0662173760666318;25825609.314759623
waves;waves;Waves;2020-05-29;1.0875312064968203;22567595.133566268
waves;waves;Waves;2020-05-30;1.0850381946832306;28175158.681355637
waves;waves;Waves;2020-05-31;1.1114960147347985;30003266.21387368
waves;waves;Waves;2020-06-01;1.0974087511677517;26151662.787674803
waves;waves;Waves;2020-06-02;1.1533021451928689;29564619.350185268
waves;waves;Waves;2020-06-03;1.1154656964211453;28596902.419542495
waves;waves;Waves;2020-06-04;1.1185231591188922;25188745.365706515
waves;waves;Waves;2020-06-05;1.128029871865043;33939147.49876329
waves;waves;Waves;2020-06-06;1.1288382106961206;34321499.22013134
waves;waves;Waves;2020-06-07;1.1495582838130698;41676993.59296614
waves;waves;Waves;2020-06-08;1.142618463452385;33522990.402085114
waves;waves;Waves;2020-06-09;1.1813547233968034;41346024.48722354
waves;waves;Waves;2020-06-10;1.1709689703826218;30188642.406911485
waves;waves;Waves;2020-06-11;1.2449787816976141;54394354.422732815
waves;waves;Waves;2020-06-12;1.1442239322486316;44905104.64581399
waves;waves;Waves;2020-06-13;1.206282024745021;35637099.90828576
waves;waves;Waves;2020-06-14;1.2460109124029586;37561222.527125746
waves;waves;Waves;2020-06-15;1.178182695723092;31514914.789090935
waves;waves;Waves;2020-06-16;1.1682274422624965;35544302.04149602
waves;waves;Waves;2020-06-17;1.2579117678616143;48357445.68808834
waves;waves;Waves;2020-06-18;1.2589827197183279;36700967.26163352
waves;waves;Waves;2020-06-19;1.2366511587494975;33229986.63709371
waves;waves;Waves;2020-06-20;1.2164015858258754;31281337.367106937
waves;waves;Waves;2020-06-21;1.205556589275338;31874669.270267867
waves;waves;Waves;2020-06-22;1.2026522622144553;29267667.335539743
waves;waves;Waves;2020-06-23;1.2286765845907184;28302693.25521453
waves;waves;Waves;2020-06-24;1.2409159714813824;26312990.585141405
waves;waves;Waves;2020-06-25;1.1907808022806379;28985132.51833793
waves;waves;Waves;2020-06-26;1.1846514114267348;21457332.563631583
waves;waves;Waves;2020-06-27;1.155169013090058;29298769.734843004
waves;waves;Waves;2020-06-28;1.1115255048224992;30840437.02355318
waves;waves;Waves;2020-06-29;1.1356894534704491;22633958.785527613
waves;waves;Waves;2020-06-30;1.1430107293389669;26289716.989074875
waves;waves;Waves;2020-07-01;1.1247911664773595;25097811.72401562
waves;waves;Waves;2020-07-02;1.1519553861876646;29215672.206915334
waves;waves;Waves;2020-07-03;1.130321851355701;31090402.70756717
waves;waves;Waves;2020-07-04;1.1253297440966632;26805137.38850407
waves;waves;Waves;2020-07-05;1.1305252640867176;28798066.817876633
waves;waves;Waves;2020-07-06;1.1169797408475222;27772002.00397265
waves;waves;Waves;2020-07-07;1.1557136425161285;25672521.42099205
waves;waves;Waves;2020-07-08;1.163283284014141;20961316.078422688
waves;waves;Waves;2020-07-09;1.206991538751578;26038231.828635063
waves;waves;Waves;2020-07-10;1.172504135130441;26571670.733643524
waves;waves;Waves;2020-07-11;1.1598800985672066;25448144.81822382
waves;waves;Waves;2020-07-12;1.1998092729039382;24647324.962905813
waves;waves;Waves;2020-07-13;1.2086964771486106;24437655.375069607
waves;waves;Waves;2020-07-14;1.1840616953294083;22735720.05718825
waves;waves;Waves;2020-07-15;1.3074731888389577;37486717.04240406
waves;waves;Waves;2020-07-16;1.3235700063923999;45537863.06773194
waves;waves;Waves;2020-07-17;1.355709721779492;71220180.52879865
waves;waves;Waves;2020-07-18;1.4659139130778491;57493831.71773667
waves;waves;Waves;2020-07-19;1.4698775666196833;38920849.607594974
waves;waves;Waves;2020-07-20;1.4576698292016337;30581318.25454425
waves;waves;Waves;2020-07-21;1.5964159620424112;76182732.15949948
waves;waves;Waves;2020-07-22;1.6590270626057595;46723605.71596681
waves;waves;Waves;2020-07-23;1.6723922528901285;44427911.04015533
waves;waves;Waves;2020-07-24;1.5905392670798368;37899747.354013875
waves;waves;Waves;2020-07-25;1.5610554561596348;35224344.28174218
waves;waves;Waves;2020-07-26;1.5288131661864568;29158903.640636172
waves;waves;Waves;2020-07-27;1.524784977452986;31837438.783657443
waves;waves;Waves;2020-07-28;1.4734084495253652;36895938.20377674
waves;waves;Waves;2020-07-29;1.495947921829835;29164594.69274516
waves;waves;Waves;2020-07-30;1.4986360240293892;28309603.99848287
waves;waves;Waves;2020-07-31;1.5356268579383294;34530306.093342066
waves;waves;Waves;2020-08-01;1.5197498351460836;27810979.95080681
waves;waves;Waves;2020-08-02;1.5706253196782114;33506359.31366775
waves;waves;Waves;2020-08-03;1.5977500505654252;49552162.10304127
waves;waves;Waves;2020-08-04;1.686106535862478;57756976.76744626
waves;waves;Waves;2020-08-05;1.643520660648605;46074433.79836569
waves;waves;Waves;2020-08-06;1.6384710907575517;41013902.71934055
waves;waves;Waves;2020-08-07;1.7097981847934467;52377552.5748207
waves;waves;Waves;2020-08-08;1.7819643715432316;35138250.63924062
waves;waves;Waves;2020-08-09;1.8216942145631005;46084241.30157086
waves;waves;Waves;2020-08-10;1.9500505762269418;42602393.13997695
waves;waves;Waves;2020-08-11;1.9675637601269127;45143819.04753572
waves;waves;Waves;2020-08-12;1.8676975354859242;39019572.567051925
waves;waves;Waves;2020-08-13;2.1777045247755282;94707806.19120653
waves;waves;Waves;2020-08-14;3.3284714098628783;370816430.8416565
waves;waves;Waves;2020-08-15;3.498227594725451;303081638.43602926
waves;waves;Waves;2020-08-16;3.41461264381733;153581671.0832698
waves;waves;Waves;2020-08-17;4.111902127333895;251759529.525479
waves;waves;Waves;2020-08-18;4.418999992960508;293240081.5317044
waves;waves;Waves;2020-08-19;4.228164224702923;220564878.20569634
waves;waves;Waves;2020-08-20;3.8315779070114933;179317844.76141918
waves;waves;Waves;2020-08-21;3.8731642004188527;100912015.10500762
waves;waves;Waves;2020-08-22;3.2045838067160215;138471428.4737078
waves;waves;Waves;2020-08-23;3.409764149097062;108909444.63031119
waves;waves;Waves;2020-08-24;3.503408462615388;103058720.30651322
waves;waves;Waves;2020-08-25;3.670023802579367;83800109.2657017
waves;waves;Waves;2020-08-26;3.253044310735359;96125759.62871145
waves;waves;Waves;2020-08-27;3.258371853461943;74065354.82982557
waves;waves;Waves;2020-08-28;3.103348778409782;79908629.52398705
waves;waves;Waves;2020-08-29;3.375056269529072;86114904.1505165
waves;waves;Waves;2020-08-30;3.382652596351587;69210428.66630463
waves;waves;Waves;2020-08-31;3.3805785053325015;59615902.27538458
waves;waves;Waves;2020-09-01;3.6112467669773003;96152434.20396301
waves;waves;Waves;2020-09-02;3.533857127676814;83236178.41161509
waves;waves;Waves;2020-09-03;3.2861130473088265;70254071.86415443
waves;waves;Waves;2020-09-04;2.514611463774253;61513441.013857886
waves;waves;Waves;2020-09-05;2.642567481848529;87762106.77149719
waves;waves;Waves;2020-09-06;2.3043604020873767;55647737.63952076
waves;waves;Waves;2020-09-07;2.4945573169363646;54096127.79335698
waves;waves;Waves;2020-09-08;2.4008059641676196;42502257.08327985
waves;waves;Waves;2020-09-09;2.3175392023695003;35532193.5039626
waves;waves;Waves;2020-09-10;2.40128133287557;37969982.13013497
waves;waves;Waves;2020-09-11;2.436962211190165;40032178.80664201
waves;waves;Waves;2020-09-12;2.494962324198372;35682313.561768085
waves;waves;Waves;2020-09-13;2.5986489669404103;47097196.38324541
waves;waves;Waves;2020-09-14;3.072793249217093;108787604.26467583
waves;waves;Waves;2020-09-15;2.8655307241385586;74767211.08528556
waves;waves;Waves;2020-09-16;2.5030276919084304;55997348.48433531
waves;waves;Waves;2020-09-17;2.542042806655397;47082155.193697914
waves;waves;Waves;2020-09-18;2.5527932436900285;39193499.12052958
waves;waves;Waves;2020-09-19;2.430344708059249;32725485.593997814
waves;waves;Waves;2020-09-20;2.545646786968818;40819420.42189627
waves;waves;Waves;2020-09-21;2.437821576677138;33770484.6829919
waves;waves;Waves;2020-09-22;2.1662703589868033;41625307.90577059
waves;waves;Waves;2020-09-23;2.2177385703192494;34691605.86078216
waves;waves;Waves;2020-09-24;2.1745499712063987;55757877.587549485
waves;waves;Waves;2020-09-25;2.3619029001229275;39671728.65118206
waves;waves;Waves;2020-09-26;2.38199515466024;40625334.3547522
waves;waves;Waves;2020-09-27;2.509164350890251;40806142.16971402
waves;waves;Waves;2020-09-28;2.4839450487941375;37477446.423862584
waves;waves;Waves;2020-09-29;2.418339322196803;41779696.35541848
waves;waves;Waves;2020-09-30;2.4542784738205263;35188009.170281224
waves;waves;Waves;2020-10-01;2.5615242691731415;43914855.127854355
waves;waves;Waves;2020-10-02;2.624116534062288;65251374.15150364
waves;waves;Waves;2020-10-03;2.4548076917747563;50675697.883343965
waves;waves;Waves;2020-10-04;2.4237006706890862;29840310.924214695
waves;waves;Waves;2020-10-05;2.3757583879968296;30463395.53787667
waves;waves;Waves;2020-10-06;2.3651894785993735;29643529.22213585
waves;waves;Waves;2020-10-07;2.178384937887597;35309443.98296685
waves;waves;Waves;2020-10-08;2.2861203522647013;35107955.49983759
waves;waves;Waves;2020-10-09;2.3085469300738035;33521538.01410792
waves;waves;Waves;2020-10-10;2.3946911158749713;44438962.949271925
waves;waves;Waves;2020-10-11;2.4206005508188886;44569977.44627893
waves;waves;Waves;2020-10-12;2.442080017939472;39093556.70057462
waves;waves;Waves;2020-10-13;2.463381156395772;43204316.84633881
waves;waves;Waves;2020-10-14;2.520010048157399;47883422.267608725
waves;waves;Waves;2020-10-15;2.510477088062468;36794050.31508025
waves;waves;Waves;2020-10-16;2.6905681045063115;61125594.35238284
waves;waves;Waves;2020-10-17;2.9505874967961008;113516179.97511555
waves;waves;Waves;2020-10-18;3.189315080876447;88942913.08771253
waves;waves;Waves;2020-10-19;3.071271429621457;48308722.42923924
waves;waves;Waves;2020-10-20;2.943121383843818;46109394.52909467
waves;waves;Waves;2020-10-21;2.8661180065253826;43210939.626318164
waves;waves;Waves;2020-10-22;3.0938817699380605;67441480.08199322
waves;waves;Waves;2020-10-23;3.2224524042868468;66354404.71132981
waves;waves;Waves;2020-10-24;3.37216324457531;78555456.93274377
waves;waves;Waves;2020-10-25;3.4401005929987525;50756329.71074262
waves;waves;Waves;2020-10-26;3.2862738186509324;40779578.87973153
waves;waves;Waves;2020-10-27;3.17696863681943;50388600.99386062
waves;waves;Waves;2020-10-28;3.1496680940612016;34252494.717720844
waves;waves;Waves;2020-10-29;3.059864616554209;44225094.77601676
waves;waves;Waves;2020-10-30;3.0237692338746687;42887930.43852074
waves;waves;Waves;2020-10-31;3.215664696465545;63648801.344767936
waves;waves;Waves;2020-11-01;3.2149434589191355;35948742.123972744
waves;waves;Waves;2020-11-02;3.2220878377323445;36676391.0669281
waves;waves;Waves;2020-11-03;3.117057891808537;38191964.22832343
waves;waves;Waves;2020-11-04;3.157521894896506;34883068.392581254
waves;waves;Waves;2020-11-05;3.183022695208332;42396214.806228176
waves;waves;Waves;2020-11-06;3.441623357356756;45214398.31298967
waves;waves;Waves;2020-11-07;3.544308388461603;82334448.1894446
waves;waves;Waves;2020-11-08;3.4391148349596095;52068719.264147416
waves;waves;Waves;2020-11-09;3.5339729962473156;64950388.61464928
waves;waves;Waves;2020-11-10;3.8043129589262756;79848153.97652969
waves;waves;Waves;2020-11-11;3.8142363491902374;44113148.93393502
waves;waves;Waves;2020-11-12;3.759256276193453;56439969.21187548
waves;waves;Waves;2020-11-13;3.88613324780544;47948914.196949735
waves;waves;Waves;2020-11-14;4.101109753548645;58594937.50242999
waves;waves;Waves;2020-11-15;4.308970333683791;61009175.16364629
waves;waves;Waves;2020-11-16;4.398121694342312;48271216.67864745
waves;waves;Waves;2020-11-17;4.882405760683666;97622826.77812812
waves;waves;Waves;2020-11-18;4.9288007315254;59774959.74554442
waves;waves;Waves;2020-11-19;5.190152468511875;100584754.1323113
waves;waves;Waves;2020-11-20;5.808322529257547;128325604.83005752
waves;waves;Waves;2020-11-21;6.785026536481185;212631204.58113942
waves;waves;Waves;2020-11-22;6.169606244990786;121455782.00469896
waves;waves;Waves;2020-11-23;7.0256699325230185;256899559.39300403
waves;waves;Waves;2020-11-24;7.920813882124485;210776234.4957863
waves;waves;Waves;2020-11-25;7.5550136652989615;142434241.54916292
waves;waves;Waves;2020-11-26;6.7139217055112255;104261224.12742282
waves;waves;Waves;2020-11-27;6.03174873656556;113406004.28426765
waves;waves;Waves;2020-11-28;6.444445115515374;100095190.97241557
waves;waves;Waves;2020-11-29;6.600597688045194;73164798.0925662
waves;waves;Waves;2020-11-30;7.022256520746509;95046804.3223089
waves;waves;Waves;2020-12-01;7.041170431898275;76680464.41150509
waves;waves;Waves;2020-12-02;6.8218109671045575;108711555.08606498
waves;waves;Waves;2020-12-03;7.0971749045837145;79168903.56488277
waves;waves;Waves;2020-12-04;7.3777747573425945;78206530.9131707
waves;waves;Waves;2020-12-05;7.278975113580282;118222576.73237547
waves;waves;Waves;2020-12-06;8.082050811384164;120851483.7276928
waves;waves;Waves;2020-12-07;8.439058550497114;119734170.21041937
waves;waves;Waves;2020-12-08;8.988648754291564;163747747.2591541
waves;waves;Waves;2020-12-09;7.816359077734764;131752093.81323725
waves;waves;Waves;2020-12-10;8.582675040688137;165228417.3301355
waves;waves;Waves;2020-12-11;8.15620326504867;111269149.3477039
waves;waves;Waves;2020-12-12;8.14737083859585;108841371.231341
waves;waves;Waves;2020-12-13;8.491301984930589;116288180.39002816
waves;waves;Waves;2020-12-14;8.62381110975991;89839343.09368883
waves;waves;Waves;2020-12-15;8.62600814273758;95639639.46109748
waves;waves;Waves;2020-12-16;8.127390816356382;74884205.29613408
waves;waves;Waves;2020-12-17;8.296448399657184;87073084.22808558
waves;waves;Waves;2020-12-18;7.915118139039562;112596980.67214303
waves;waves;Waves;2020-12-19;7.801238807505156;85845684.52115907
waves;waves;Waves;2020-12-20;7.676498735723459;76493775.27437168
waves;waves;Waves;2020-12-21;7.189937117435762;100128405.36841445
waves;waves;Waves;2020-12-22;6.709257542659611;96689992.3019359
waves;waves;Waves;2020-12-23;7.1275311372390115;138610788.33099857
waves;waves;Waves;2020-12-24;5.896416050531669;176813921.56091627
waves;waves;Waves;2020-12-25;6.527230630320387;134234026.25574192
waves;waves;Waves;2020-12-26;6.704920310909392;121491074.33237123
waves;waves;Waves;2020-12-27;6.372552904000913;99721296.84531035
waves;waves;Waves;2020-12-28;6.4028702009548475;126205127.15870532
waves;waves;Waves;2020-12-29;6.717496731669467;144398119.773814
waves;waves;Waves;2020-12-30;7.118860805863055;195546621.11326736
waves;waves;Waves;2020-12-31;6.6180286874219;114481833.63478105
waves;waves;Waves;2021-01-01;6.186444079522974;154370764.79049727
waves;waves;Waves;2021-01-02;6.036659939192827;119760419.62035406
waves;waves;Waves;2021-01-03;5.592164001581059;117571099.93597959
waves;waves;Waves;2021-01-04;5.542689357590248;185570322.16675732
waves;waves;Waves;2021-01-05;5.298507545225427;102391915.11415733
waves;waves;Waves;2021-01-06;5.582756289267262;89675292.31494914
waves;waves;Waves;2021-01-07;5.891090280956765;150863787.83958918
waves;waves;Waves;2021-01-08;5.951824516409725;164624908.0254324
waves;waves;Waves;2021-01-09;5.6114868594668295;117451615.24612887
waves;waves;Waves;2021-01-10;6.225570971786267;128593772.39125583
waves;waves;Waves;2021-01-11;6.482119061310616;203685707.3956831
waves;waves;Waves;2021-01-12;5.608353678382865;132507584.42159645
waves;waves;Waves;2021-01-13;5.993149714427979;145681057.01075533
waves;waves;Waves;2021-01-14;6.36564011070599;128523872.07212107
waves;waves;Waves;2021-01-15;6.412653084484321;149796710.55717877
waves;waves;Waves;2021-01-16;6.342210784438211;155418421.71666792
waves;waves;Waves;2021-01-17;6.642445012647991;127538273.08333959
waves;waves;Waves;2021-01-18;7.3772678550119455;264605842.83119687
waves;waves;Waves;2021-01-19;7.804877797105882;204795032.2440617
waves;waves;Waves;2021-01-20;7.198102361640312;143775891.829688
waves;waves;Waves;2021-01-21;7.235278383149905;132996412.58544162
waves;waves;Waves;2021-01-22;6.032889985455953;82277835.35108127
waves;waves;Waves;2021-01-23;6.4512980555461885;105410358.85639672
waves;waves;Waves;2021-01-24;6.58828907811641;105779412.27130805
waves;waves;Waves;2021-01-25;7.0546931971807165;155923152.83819407
waves;waves;Waves;2021-01-26;6.709504941390089;84604518.3381391
waves;waves;Waves;2021-01-27;6.779469936234029;63143561.09379219
waves;waves;Waves;2021-01-28;6.061023997591528;53717692.99658075
waves;waves;Waves;2021-01-29;6.272790498863214;55937410.88512264
waves;waves;Waves;2021-01-30;6.4709620441464075;83828402.71177715
waves;waves;Waves;2021-01-31;6.661912500388445;65734324.04064501
waves;waves;Waves;2021-02-01;6.5464651794279245;107581999.60017042
waves;waves;Waves;2021-02-02;6.93045144346223;111043949.50062154
waves;waves;Waves;2021-02-03;6.931884076880572;67007060.185381524
waves;waves;Waves;2021-02-04;7.276409160987177;78422395.03468466
waves;waves;Waves;2021-02-05;7.251371098045811;132910216.28912239
waves;waves;Waves;2021-02-06;8.89847997152859;216099853.30021054
waves;waves;Waves;2021-02-07;8.136157660034895;158796617.2592896
waves;waves;Waves;2021-02-08;8.03794231457714;94534471.52089046
waves;waves;Waves;2021-02-09;8.495909818795765;148120590.50605077
waves;waves;Waves;2021-02-10;9.684384741000796;346053498.4872241
waves;waves;Waves;2021-02-11;9.644206289657598;247352907.68675914
waves;waves;Waves;2021-02-12;10.42700665316138;188051441.4307891
waves;waves;Waves;2021-02-13;10.87034124889801;114822649.7890351
waves;waves;Waves;2021-02-14;11.221960547826693;183780742.2927053
waves;waves;Waves;2021-02-15;11.947923660621083;367809197.3609918
waves;waves;Waves;2021-02-16;10.854435877720656;225347882.81206867
waves;waves;Waves;2021-02-17;11.094568909584709;137911694.37132892
waves;waves;Waves;2021-02-18;11.477204023486681;178930276.8318272
waves;waves;Waves;2021-02-19;12.417439763745678;242018558.72788608
waves;waves;Waves;2021-02-20;12.696195519137595;160817561.15788463
waves;waves;Waves;2021-02-21;12.39339534693025;189619011.80831358
waves;waves;Waves;2021-02-22;12.37465290615115;150046256.77176532
waves;waves;Waves;2021-02-23;10.668209202676477;189897281.24093303
waves;waves;Waves;2021-02-24;9.32784324234499;186030363.1381726
waves;waves;Waves;2021-02-25;9.832074800979345;104053917.04110563
waves;waves;Waves;2021-02-26;9.645950070804059;154410979.91006812
waves;waves;Waves;2021-02-27;9.5579781372068;119013569.1613787
waves;waves;Waves;2021-02-28;9.670904625538668;103961757.81975722
waves;waves;Waves;2021-03-01;8.914726332019978;88267937.58369993
waves;waves;Waves;2021-03-02;9.543618982602773;59313156.32092044
waves;waves;Waves;2021-03-03;9.455330007549481;106183739.24228488
waves;waves;Waves;2021-03-04;9.918863958165907;115536642.23249574
waves;waves;Waves;2021-03-05;9.436800446800815;103703439.91360036
waves;waves;Waves;2021-03-06;9.944841083415655;153394080.52793446
waves;waves;Waves;2021-03-07;10.023899171887447;100735132.33658184
waves;waves;Waves;2021-03-08;10.180329064529102;89341464.04298246
waves;waves;Waves;2021-03-09;10.112095713323985;84395062.69788173
waves;waves;Waves;2021-03-10;10.74388089884567;101404274.14322934
waves;waves;Waves;2021-03-11;10.230587204750215;104875199.58546168
waves;waves;Waves;2021-03-12;10.037257974224058;99827731.81649725
waves;waves;Waves;2021-03-13;9.870365603310526;98995069.99319406
waves;waves;Waves;2021-03-14;10.189415484224197;106227816.4675525
waves;waves;Waves;2021-03-15;9.865159754735325;82063702.75981957
waves;waves;Waves;2021-03-16;9.655604328566579;106325418.90390573
waves;waves;Waves;2021-03-17;9.83924115683363;104679162.57188359
waves;waves;Waves;2021-03-18;10.16316200696875;89645355.49735337
waves;waves;Waves;2021-03-19;10.371984954539299;129367545.99517812
waves;waves;Waves;2021-03-20;10.274174073603175;86084304.84553704
waves;waves;Waves;2021-03-21;10.24514977438766;106819744.30923231
waves;waves;Waves;2021-03-22;9.983554312639269;76795869.1076699
waves;waves;Waves;2021-03-23;9.915746338675293;108207906.78995992
waves;waves;Waves;2021-03-24;11.451836779069817;400868604.10362184
waves;waves;Waves;2021-03-25;10.859911938205107;315367535.3548472
waves;waves;Waves;2021-03-26;10.46424095385334;184258812.198311
waves;waves;Waves;2021-03-27;12.153858096735153;272214588.79441935
waves;waves;Waves;2021-03-28;11.84385837246663;114680782.00616388
waves;waves;Waves;2021-03-29;11.774516483626192;113014436.22235155
waves;waves;Waves;2021-03-30;12.371140547682424;131165849.50693488
waves;waves;Waves;2021-03-31;12.317890624477716;125146874.7125017
waves;waves;Waves;2021-04-01;11.95185798920763;118884596.87225607
waves;waves;Waves;2021-04-02;11.835864772091613;101586480.68946342
waves;waves;Waves;2021-04-03;13.084274222333963;190200421.6591178
waves;waves;Waves;2021-04-04;11.65065490406921;108027835.22338158
waves;waves;Waves;2021-04-05;12.227841233904542;88720940.95417498
waves;waves;Waves;2021-04-06;12.7706112962179;134115442.92649132
waves;waves;Waves;2021-04-07;13.406124188023126;179551323.55653718
waves;waves;Waves;2021-04-08;12.233781028482081;213232503.5590512
waves;waves;Waves;2021-04-09;13.73518166815615;159462782.48515856
waves;waves;Waves;2021-04-10;16.931824894277085;1162637107.614727
waves;waves;Waves;2021-04-11;16.401597824740243;472906735.3607066
waves;waves;Waves;2021-04-12;15.600660724227053;231216176.93484637
waves;waves;Waves;2021-04-13;15.2709419633437;177286014.72180548
waves;waves;Waves;2021-04-14;15.861618818768214;184857329.9504305
waves;waves;Waves;2021-04-15;15.313509955883724;163594835.78603193
waves;waves;Waves;2021-04-16;16.046714263404905;268418457.4089977
waves;waves;Waves;2021-04-17;16.581776762933007;284028982.4253695
waves;waves;Waves;2021-04-18;15.701720037437719;159309305.5522736
waves;waves;Waves;2021-04-19;13.653756881278714;220040010.84504923
waves;waves;Waves;2021-04-20;12.584875879197135;139211248.40260115
waves;waves;Waves;2021-04-21;13.531920445976843;253066530.27126074
waves;waves;Waves;2021-04-22;14.552178826420375;405650623.3106907
waves;waves;Waves;2021-04-23;12.899004058358928;193885910.6743553
waves;waves;Waves;2021-04-24;14.746159703333001;465100207.7159176
waves;waves;Waves;2021-04-25;13.176795382890774;169073432.86550838
waves;waves;Waves;2021-04-26;12.874853739037567;130734443.35796037
waves;waves;Waves;2021-04-27;18.527167583962324;723652219.7192191
waves;waves;Waves;2021-04-28;20.88348036780904;866194231.8046794
waves;waves;Waves;2021-04-29;19.01846504116001;313577235.39394015
waves;waves;Waves;2021-04-30;22.870036387720322;699239359.4509346
waves;waves;Waves;2021-05-01;23.270889979638092;472094291.6287408
waves;waves;Waves;2021-05-02;22.52111632328693;247454048.24123576
waves;waves;Waves;2021-05-03;23.655124218419914;331551169.4808556
waves;waves;Waves;2021-05-04;32.27299056405087;1529168008.176116
waves;waves;Waves;2021-05-05;36.843807535061444;2911998008.5883226
waves;waves;Waves;2021-05-06;35.73727915300202;846888288.3294417
waves;waves;Waves;2021-05-07;34.01763162582993;766376097.5033355
waves;waves;Waves;2021-05-08;32.462590032607714;400833772.0969469
waves;waves;Waves;2021-05-09;32.493343120186715;342358051.06044006
waves;waves;Waves;2021-05-10;31.727228021466573;356089291.34428596
waves;waves;Waves;2021-05-11;30.901089598483146;639163146.6463083
waves;waves;Waves;2021-05-12;33.463442064118674;536767882.93512917
waves;waves;Waves;2021-05-13;32.96336002881598;1025542237.9479464
waves;waves;Waves;2021-05-14;31.74631326143979;358959769.4729342
waves;waves;Waves;2021-05-15;33.17119113845192;220364643.47505534
waves;waves;Waves;2021-05-16;31.117015111953627;293110572.6007065
waves;waves;Waves;2021-05-17;30.305372063558774;206044209.5454907
waves;waves;Waves;2021-05-18;26.92957362268641;204726865.10257214
waves;waves;Waves;2021-05-19;27.673174752065478;172478831.9123687
waves;waves;Waves;2021-05-20;19.241094071357427;346489539.0248057
waves;waves;Waves;2021-05-21;24.396651834939902;583826900.4557104
waves;waves;Waves;2021-05-22;20.47574057446048;275665629.1040595
waves;waves;Waves;2021-05-23;18.01681141429145;198002648.82630154
waves;waves;Waves;2021-05-24;15.021599144287253;294223905.70248437
waves;waves;Waves;2021-05-25;17.30607695577749;285699539.68417645
waves;waves;Waves;2021-05-26;15.90146512489141;387621661.2381219
waves;waves;Waves;2021-05-27;17.428082522474643;429855950.0087929
waves;waves;Waves;2021-05-28;16.359000409939757;183904474.5389216
waves;waves;Waves;2021-05-29;14.04671122538138;183904588.00458932
waves;waves;Waves;2021-05-30;13.070707726410676;145546100.93788865
waves;waves;Waves;2021-05-31;13.043426528982321;160638022.88956034
waves;waves;Waves;2021-06-01;13.79499557358103;169125002.31684622
waves;waves;Waves;2021-06-02;13.261259067198562;145757598.3176299
waves;waves;Waves;2021-06-03;14.962878993013033;398673080.25932074
waves;waves;Waves;2021-06-04;15.424525241256179;223146857.35497516
waves;waves;Waves;2021-06-05;13.876993584965991;169857219.82664406
waves;waves;Waves;2021-06-06;14.095730066988919;216665691.31734052
waves;waves;Waves;2021-06-07;16.60742946660648;557714126.1382244
waves;waves;Waves;2021-06-08;14.189286552826246;237314763.56865528
waves;waves;Waves;2021-06-09;14.456142635287886;214963022.60860538
waves;waves;Waves;2021-06-10;14.602410448186927;170367094.14251807
waves;waves;Waves;2021-06-11;14.101933928081195;123917282.45581989
waves;waves;Waves;2021-06-12;14.020039480486828;172011988.76930782
waves;waves;Waves;2021-06-13;14.82979855498027;300392723.0343693
waves;waves;Waves;2021-06-14;15.238699872701856;146239251.96733072
waves;waves;Waves;2021-06-15;15.783036411089832;197751776.4261031
waves;waves;Waves;2021-06-16;16.76816924403043;199107729.12702957
waves;waves;Waves;2021-06-17;16.72074555865613;229174562.5616453
waves;waves;Waves;2021-06-18;18.529242691726118;315590302.3987432
waves;waves;Waves;2021-06-19;16.4767100604099;190577571.99605832
waves;waves;Waves;2021-06-20;16.06484963973013;128391865.34563252
waves;waves;Waves;2021-06-21;17.726614032475347;331379897.01888895
waves;waves;Waves;2021-06-22;14.132897419995679;223820398.51699176
waves;waves;Waves;2021-06-23;12.448927123817482;241767360.2945946
waves;waves;Waves;2021-06-24;13.095566358493317;207738498.33215785
waves;waves;Waves;2021-06-25;13.51216403640475;174762170.18652844
waves;waves;Waves;2021-06-26;13.2118469275334;269667609.0925919
waves;waves;Waves;2021-06-27;13.521983772172753;154362782.1485786
waves;waves;Waves;2021-06-28;13.91656432316358;116857294.24192691
waves;waves;Waves;2021-06-29;14.121824257677448;114901087.93578039
waves;waves;Waves;2021-06-30;15.44791914897759;152863216.94680858
waves;waves;Waves;2021-07-01;16.380198683046032;370207620.6710087
waves;waves;Waves;2021-07-02;15.89238875433475;174946055.0641852
waves;waves;Waves;2021-07-03;16.125803313002564;117779448.3940978
waves;waves;Waves;2021-07-04;16.21820691750811;84504487.57053696
waves;waves;Waves;2021-07-05;17.064329646965106;181285008.46361548
waves;waves;Waves;2021-07-06;16.16821628747315;142419376.09244555
waves;waves;Waves;2021-07-07;16.209975437104855;112202079.93838829
waves;waves;Waves;2021-07-08;16.615025066393635;149077898.21015674
waves;waves;Waves;2021-07-09;14.949075611852276;80656418.24194446
waves;waves;Waves;2021-07-10;15.062266006471438;107969558.65112247
waves;waves;Waves;2021-07-11;14.271788387540182;119685397.44091442
waves;waves;Waves;2021-07-12;14.27971094502268;110416739.28830484
waves;waves;Waves;2021-07-13;13.98803924047649;80886672.6101786
waves;waves;Waves;2021-07-14;13.48539355762804;63844510.72402922
waves;waves;Waves;2021-07-15;13.612337420726018;91809706.80627541
waves;waves;Waves;2021-07-16;13.01457511886991;95549510.63049628
waves;waves;Waves;2021-07-17;13.437003140570456;149866369.28878903
waves;waves;Waves;2021-07-18;13.079263934454472;72369689.53155011
waves;waves;Waves;2021-07-19;13.248173900200484;69666875.1072125
waves;waves;Waves;2021-07-20;13.00362740943865;96018981.91428368
waves;waves;Waves;2021-07-21;11.991440705438825;97516840.33936931
waves;waves;Waves;2021-07-22;12.831257922277745;95335279.82196014
waves;waves;Waves;2021-07-23;14.244580243607324;259131333.64206532
waves;waves;Waves;2021-07-24;14.437426637048517;128318334.1832341
waves;waves;Waves;2021-07-25;15.14977970098016;266487914.45307058
waves;waves;Waves;2021-07-26;15.507337318837092;202546693.71343288
waves;waves;Waves;2021-07-27;14.970492845182997;182935641.38077107
waves;waves;Waves;2021-07-28;15.079736984431822;132628851.26881595
waves;waves;Waves;2021-07-29;15.653923421099458;280552512.05832124
waves;waves;Waves;2021-07-30;15.74415094179494;116785526.92591225
waves;waves;Waves;2021-07-31;16.287172894357003;211930806.46735147
waves;waves;Waves;2021-08-01;16.648995068701748;125403188.04524711
waves;waves;Waves;2021-08-02;15.82840015837277;120605696.78994854
waves;waves;Waves;2021-08-03;16.00466103062729;107347640.1457839
waves;waves;Waves;2021-08-04;16.108631642912453;137768359.19282138
waves;waves;Waves;2021-08-05;16.26135231683559;101915063.31553282
waves;waves;Waves;2021-08-06;16.42833404686959;114886266.8871966
waves;waves;Waves;2021-08-07;16.65805193943315;135242700.76102948
waves;waves;Waves;2021-08-08;17.36218978170827;127825840.24944906
waves;waves;Waves;2021-08-09;16.327424053137683;106536373.4012958
waves;waves;Waves;2021-08-10;17.304345577292;167414420.71743912
waves;waves;Waves;2021-08-11;17.576025950257222;142688000.23733458
waves;waves;Waves;2021-08-12;18.652006645880526;225211285.79490304
waves;waves;Waves;2021-08-13;19.55611766906547;207361812.89242953
waves;waves;Waves;2021-08-14;20.65239268443343;226339049.77653694
waves;waves;Waves;2021-08-15;25.886543548548534;1243939662.3543363
waves;waves;Waves;2021-08-16;24.883986577318367;342755728.4340829
waves;waves;Waves;2021-08-17;23.482772915607892;190840377.63001052
waves;waves;Waves;2021-08-18;22.237870688731366;290018075.24276894
waves;waves;Waves;2021-08-19;23.62152486576443;319923709.95034057
waves;waves;Waves;2021-08-20;23.630457866202725;151425396.1970412
waves;waves;Waves;2021-08-21;24.420847743131805;189537697.36016414
waves;waves;Waves;2021-08-22;25.005157836681544;262272232.07781485
waves;waves;Waves;2021-08-23;25.902431137014126;393417652.1001907
waves;waves;Waves;2021-08-24;25.88981812021676;185846461.4173752
waves;waves;Waves;2021-08-25;24.0105987613874;165418441.26996446
waves;waves;Waves;2021-08-26;24.361253374623544;150016023.5247916
waves;waves;Waves;2021-08-27;23.376634492209902;230668873.810634
waves;waves;Waves;2021-08-28;24.58139786842723;122916258.0840663
waves;waves;Waves;2021-08-29;25.45349416189234;240977577.72671968
waves;waves;Waves;2021-08-30;24.976464635328387;115376917.26239525
waves;waves;Waves;2021-08-31;26.750696631351964;510184751.16262275
waves;waves;Waves;2021-09-01;28.212312731528833;291149268.014892
waves;waves;Waves;2021-09-02;29.018677565986014;258995562.44219735
waves;waves;Waves;2021-09-03;29.674632680628903;238839355.46683365
waves;waves;Waves;2021-09-04;30.74089736028848;229744954.44467843
waves;waves;Waves;2021-09-05;30.52984391874694;169330038.16151556
waves;waves;Waves;2021-09-06;29.51952104099449;208499445.96680084
waves;waves;Waves;2021-09-07;29.16654671016899;131051088.63084723
waves;waves;Waves;2021-09-08;27.481509168208337;445340306.6849292
waves;waves;Waves;2021-09-09;27.751956704653182;314561885.56507915
waves;waves;Waves;2021-09-10;31.4476235851206;691056024.660847
waves;waves;Waves;2021-09-11;29.011591393595108;229027866.43458325
waves;waves;Waves;2021-09-12;30.754328855136514;371686390.9942513
waves;waves;Waves;2021-09-13;32.261692389760626;233170580.73644966
waves;waves;Waves;2021-09-14;30.304393481345695;328926059.00388753
waves;waves;Waves;2021-09-15;29.87378918543387;154675865.608612
waves;waves;Waves;2021-09-16;30.56587220340848;150411960.33717725
waves;waves;Waves;2021-09-17;30.92146100979834;226576198.34872374
waves;waves;Waves;2021-09-18;29.062642449409136;124632239.71304941
waves;waves;Waves;2021-09-19;29.17736231055541;102537188.89757673
waves;waves;Waves;2021-09-20;27.702102970379624;125287282.06531428
waves;waves;Waves;2021-09-21;23.139389746127282;175370984.80051762
waves;waves;Waves;2021-09-22;22.18740425346251;158080794.61195192
waves;waves;Waves;2021-09-23;24.731796906023884;164285930.67649627
waves;waves;Waves;2021-09-24;25.05921875129383;162109211.2283913
waves;waves;Waves;2021-09-25;25.790927204273704;439414431.5186149
waves;waves;Waves;2021-09-26;24.305289356023398;130997221.1421756
waves;waves;Waves;2021-09-27;23.81981292889476;112609680.04307182
waves;waves;Waves;2021-09-28;22.904872736700895;178716398.99411848
waves;waves;Waves;2021-09-29;23.149379161729502;283468098.1593855
waves;waves;Waves;2021-09-30;23.217572126159332;159520226.0025147
waves;waves;Waves;2021-10-01;24.183412765943473;118950279.9014089
waves;waves;Waves;2021-10-02;26.169593172465113;131072029.46204041
waves;waves;Waves;2021-10-03;26.609342759563415;156029292.83068877
waves;waves;Waves;2021-10-04;27.18486842823058;160818341.4041922
waves;waves;Waves;2021-10-05;26.152182995958785;124004479.35537352
waves;waves;Waves;2021-10-06;27.809963695161713;206094633.2050267
waves;waves;Waves;2021-10-07;27.306779175919804;155597359.4593593
waves;waves;Waves;2021-10-08;27.536614034252228;139134184.09013993
waves;waves;Waves;2021-10-09;27.28106952083271;146610428.90647414
waves;waves;Waves;2021-10-10;28.816683646094504;144727055.90432695
waves;waves;Waves;2021-10-11;26.583907541982672;130972382.132129
waves;waves;Waves;2021-10-12;27.326452978522152;116930744.50809005
waves;waves;Waves;2021-10-13;29.71571023092955;442887941.82051176
waves;waves;Waves;2021-10-14;31.944550801888436;322569621.55608636
waves;waves;Waves;2021-10-15;32.40302004279627;219882285.74659306
waves;waves;Waves;2021-10-16;30.599001674891085;208430015.4080393
waves;waves;Waves;2021-10-17;29.41655271503628;175379393.0196868
waves;waves;Waves;2021-10-18;29.11241232983585;176213484.00584194
waves;waves;Waves;2021-10-19;28.24544390534283;134325849.19049942
waves;waves;Waves;2021-10-20;28.70168411467986;140645318.29686832
waves;waves;Waves;2021-10-21;29.280349800775678;136248616.04971227
waves;waves;Waves;2021-10-22;28.071260475635796;154642822.53019676
waves;waves;Waves;2021-10-23;27.930776369077783;155047908.51362562
waves;waves;Waves;2021-10-24;28.446538189624544;123074525.41886003
waves;waves;Waves;2021-10-25;28.444917553570317;144170836.81984764
waves;waves;Waves;2021-10-26;28.61595793703402;137737173.40788695
waves;waves;Waves;2021-10-27;28.62635886351185;171994599.83118224
waves;waves;Waves;2021-10-28;28.708424274737485;875434418.6598254
waves;waves;Waves;2021-10-29;28.272320591848082;2410341161.3359613
waves;waves;Waves;2021-10-30;27.517708415111326;769167539.524928
waves;waves;Waves;2021-10-31;26.84543781511811;189683052.10191908
waves;waves;Waves;2021-11-01;26.44193854282438;166899037.22450185
waves;waves;Waves;2021-11-02;26.642887533796817;199358699.98823598
waves;waves;Waves;2021-11-03;26.54868135912063;194207246.61012295
waves;waves;Waves;2021-11-04;26.342944268785683;171143139.32263318
waves;waves;Waves;2021-11-05;26.055281152130938;151545767.7808656
waves;waves;Waves;2021-11-06;25.54741283234454;132868363.83557881
waves;waves;Waves;2021-11-07;25.30160041723642;147306843.05080542
waves;waves;Waves;2021-11-08;25.552391746635752;125491725.03422908
waves;waves;Waves;2021-11-09;25.675059762284775;128770851.4991003
waves;waves;Waves;2021-11-10;26.02993256179709;153271639.19316822
waves;waves;Waves;2021-11-11;23.96321732006156;172015842.58828515
waves;waves;Waves;2021-11-12;24.472907036820104;126724927.41808699
waves;waves;Waves;2021-11-13;23.56253324935185;140300103.65135723
waves;waves;Waves;2021-11-14;23.859625438971246;131662096.46549277
waves;waves;Waves;2021-11-15;23.715991184658733;127389813.69624284
waves;waves;Waves;2021-11-16;23.425710027381832;123185553.56166737
waves;waves;Waves;2021-11-17;21.64565352010586;184864711.9994968
waves;waves;Waves;2021-11-18;21.561662012146858;141157687.0081807
waves;waves;Waves;2021-11-19;21.33164311539805;290056245.26519054
waves;waves;Waves;2021-11-20;22.34684171657318;153485220.55898198
waves;waves;Waves;2021-11-21;22.140914810834754;132243880.17909959
waves;waves;Waves;2021-11-22;21.72966176755565;128565148.62899299
waves;waves;Waves;2021-11-23;21.013021780999253;125313557.6105092
waves;waves;Waves;2021-11-24;21.081685662721792;121633076.2781229
waves;waves;Waves;2021-11-25;20.310283427960588;135113320.30722338
waves;waves;Waves;2021-11-26;20.573382402745658;136193187.22242737
waves;waves;Waves;2021-11-27;19.59329316627923;167415825.21604282
waves;waves;Waves;2021-11-28;19.188631955916197;45591108.26622403
waves;waves;Waves;2021-11-29;20.56647283614216;129946361.78112206
waves;waves;Waves;2021-11-30;21.291767710695208;135656600.67608702
waves;waves;Waves;2021-12-01;21.447778256811663;136969477.97097373
waves;waves;Waves;2021-12-02;22.65510376749302;144382314.199637
waves;waves;Waves;2021-12-03;21.34359608874777;146318604.8154252
waves;waves;Waves;2021-12-04;21.239242909888517;119113695.43111403
waves;waves;Waves;2021-12-05;18.279258818546552;171398953.16266602
waves;waves;Waves;2021-12-06;19.09387950625409;151155262.045543
waves;waves;Waves;2021-12-07;19.5399370848372;255266158.38536018
waves;waves;Waves;2021-12-08;19.17109423132171;91965389.18207932
waves;waves;Waves;2021-12-09;19.04118906445358;75379540.50615862
waves;waves;Waves;2021-12-10;17.23787514929663;79784312.39405279
waves;waves;Waves;2021-12-11;15.87706353330818;111529197.22992723
waves;waves;Waves;2021-12-12;16.02404756146304;81335924.73977184
waves;waves;Waves;2021-12-13;16.775516211400998;79757685.9297876
waves;waves;Waves;2021-12-14;14.536561691950446;93902249.21635586
waves;waves;Waves;2021-12-15;15.016029516194745;142100749.33997375
waves;waves;Waves;2021-12-16;17.53785205602989;263569841.34392515
waves;waves;Waves;2021-12-17;18.922083786815154;212342759.57593134
waves;waves;Waves;2021-12-18;17.80241431704804;356716982.69248825
waves;waves;Waves;2021-12-19;17.465629937841918;117292385.84117669
waves;waves;Waves;2021-12-20;16.369318509621046;99398567.73427795
waves;waves;Waves;2021-12-21;15.576386189195699;89865135.62041213
waves;waves;Waves;2021-12-22;16.087746340228154;109189068.20537649
waves;waves;Waves;2021-12-23;16.125081287102862;99635870.24954377
waves;waves;Waves;2021-12-24;16.59298547840937;126296978.73890993
waves;waves;Waves;2021-12-25;16.097580062666445;98607434.85893236
waves;waves;Waves;2021-12-26;16.232178979906486;75084629.41703807
waves;waves;Waves;2021-12-27;16.26858906466479;83871144.45105913
waves;waves;Waves;2021-12-28;16.501465337479406;124445454.31716804
waves;waves;Waves;2021-12-29;14.972142163270329;82573491.92145734
waves;waves;Waves;2021-12-30;14.365680561875923;88673702.6284105
waves;waves;Waves;2021-12-31;14.65538650160177;75022094.12961332
waves;waves;Waves;2022-01-01;14.558292232781271;68590278.1174048
waves;waves;Waves;2022-01-02;15.176563805430137;74216378.6759454
waves;waves;Waves;2022-01-03;15.470977000528029;73717864.71304224
waves;waves;Waves;2022-01-04;15.631867054041264;54748013.97333325
waves;waves;Waves;2022-01-05;15.8718245042602;102173797.89036229
waves;waves;Waves;2022-01-06;14.40079660089907;99090624.07478322
waves;waves;Waves;2022-01-07;14.227906940860962;78222588.5166417
waves;waves;Waves;2022-01-08;13.78084307482583;91205508.65804192
waves;waves;Waves;2022-01-09;13.718610718016617;72191413.57704267
waves;waves;Waves;2022-01-10;14.079795170852485;60640405.57943231
waves;waves;Waves;2022-01-11;13.451166399388198;79591447.82228293
waves;waves;Waves;2022-01-12;14.096595979922968;68354793.1887632
waves;waves;Waves;2022-01-13;14.79133520367195;83936795.53879906
waves;waves;Waves;2022-01-14;14.1167130504111;84680436.26304144
waves;waves;Waves;2022-01-15;14.172901052840816;74310147.19337143
waves;waves;Waves;2022-01-16;14.633457722475235;71055912.74847184
waves;waves;Waves;2022-01-17;14.342540242280334;74028455.38282327
waves;waves;Waves;2022-01-18;13.812836790272149;72746963.67461498
waves;waves;Waves;2022-01-19;13.667127837066664;72116801.82529311
waves;waves;Waves;2022-01-20;13.287134714500256;70169310.7307517
waves;waves;Waves;2022-01-21;12.749581222812047;70491773.7617443
waves;waves;Waves;2022-01-22;10.683475766615384;118342776.28339675
waves;waves;Waves;2022-01-23;8.993862579853683;192819071.7514179
waves;waves;Waves;2022-01-24;9.197820692593723;82395499.70948459
waves;waves;Waves;2022-01-25;8.54675474320046;111824606.95898688
waves;waves;Waves;2022-01-26;8.464918751118017;66714221.023144506
waves;waves;Waves;2022-01-27;10.385081635274597;645673726.9768859
waves;waves;Waves;2022-01-28;9.783803244004615;158878024.62657487
waves;waves;Waves;2022-01-29;10.100421093708896;109651190.18395096
waves;waves;Waves;2022-01-30;9.922500466614467;116830900.39956512
waves;waves;Waves;2022-01-31;9.343541714207058;81092495.04495886
waves;waves;Waves;2022-02-01;9.210452496285301;119252928.98029825
waves;waves;Waves;2022-02-02;9.104407062638888;82740012.39019199
waves;waves;Waves;2022-02-03;8.769981579263131;129594169.44998883
waves;waves;Waves;2022-02-04;8.741289425344542;139101508.5727855
waves;waves;Waves;2022-02-05;9.411408776669562;116349739.3101913
waves;waves;Waves;2022-02-06;10.080814555317968;187492334.76744047
waves;waves;Waves;2022-02-07;10.639501405121731;151380940.4403255
waves;waves;Waves;2022-02-08;11.188651201887682;245732193.5886434
waves;waves;Waves;2022-02-09;10.608870210380138;163251188.46267962
waves;waves;Waves;2022-02-10;12.027725279145834;379833054.80509925
waves;waves;Waves;2022-02-11;11.074927462186803;244951951.76607233
waves;waves;Waves;2022-02-12;9.888771135885678;100151922.81767596
waves;waves;Waves;2022-02-13;9.584911055876411;97887962.48188572
waves;waves;Waves;2022-02-14;9.45639050908254;89949190.53994034
waves;waves;Waves;2022-02-15;9.374212742796328;80220045.81388414
waves;waves;Waves;2022-02-16;10.46307135307314;168348755.72285587
waves;waves;Waves;2022-02-17;10.658888035147788;179025955.99245062
waves;waves;Waves;2022-02-18;10.00860380589871;214186941.74946302
waves;waves;Waves;2022-02-19;10.128793568819948;105249452.63903739
waves;waves;Waves;2022-02-20;9.705752183893102;78394451.92852329
waves;waves;Waves;2022-02-21;9.443109893647021;87722888.64467026
waves;waves;Waves;2022-02-22;8.626025028195139;194107621.67032543
waves;waves;Waves;2022-02-23;9.012341283813807;138217783.8760337
waves;waves;Waves;2022-02-24;9.390636575065878;199531498.1430776
waves;waves;Waves;2022-02-25;9.560612646272363;266018166.54066035
waves;waves;Waves;2022-02-26;10.576675848872057;177347872.9107072
waves;waves;Waves;2022-02-27;12.386867507813763;286780759.1010067
waves;waves;Waves;2022-02-28;11.29977559262048;346965321.1751781
waves;waves;Waves;2022-03-01;16.133804909891733;804107771.9899013
waves;waves;Waves;2022-03-02;17.537538285147324;1561653742.0740352
waves;waves;Waves;2022-03-03;18.040078980817423;886745261.9649714
waves;waves;Waves;2022-03-04;18.417553705515264;765791405.4969732
waves;waves;Waves;2022-03-05;18.39066156001387;1084106415.4245284
waves;waves;Waves;2022-03-06;17.158617664229247;494195319.5856463
waves;waves;Waves;2022-03-07;17.99381620886071;651408087.1688817
waves;waves;Waves;2022-03-08;22.720025173528338;879814326.1627302
waves;waves;Waves;2022-03-09;22.482622828312497;1225023559.4181607
waves;waves;Waves;2022-03-10;28.555566331833948;907858959.1623945
waves;waves;Waves;2022-03-11;27.57673285605861;667748519.2114279
waves;waves;Waves;2022-03-12;25.5430200833317;1031284788.8736562
waves;waves;Waves;2022-03-13;26.76706209331704;1041572014.6489434
waves;waves;Waves;2022-03-14;26.7823298092011;927004334.1544573
waves;waves;Waves;2022-03-15;26.382733597269773;726008892.4609705
waves;waves;Waves;2022-03-16;27.709175391752876;627601908.3999165
waves;waves;Waves;2022-03-17;28.624904752634592;1512507915.7774477
waves;waves;Waves;2022-03-18;28.28254682609881;649980879.0848871
waves;waves;Waves;2022-03-19;32.870635923237394;1376918223.928126
waves;waves;Waves;2022-03-20;32.60262732251329;948203842.6941873
waves;waves;Waves;2022-03-21;32.52289566975359;893275963.3758842
waves;waves;Waves;2022-03-22;32.48011842802829;703021146.7445189
waves;waves;Waves;2022-03-23;32.630688028860106;854827130.8022566
waves;waves;Waves;2022-03-24;31.993339465032662;570017599.9162776
waves;waves;Waves;2022-03-25;31.180279586435756;665190078.4944551
waves;waves;Waves;2022-03-26;31.041599891736713;452655594.88783103
waves;waves;Waves;2022-03-27;32.6290806992678;648119889.0739938
waves;waves;Waves;2022-03-28;32.25294602415374;367560194.1212933
waves;waves;Waves;2022-03-29;44.92192324890393;1958339135.0698955
waves;waves;Waves;2022-03-30;50.10897557202838;1134600242.1873717
waves;waves;Waves;2022-03-31;51.839836317060616;2232320316.8096285
waves;waves;Waves;2022-04-01;54.59337387393527;3032775975.198498
waves;waves;Waves;2022-04-02;52.06704266325503;1859848346.2373605
waves;waves;Waves;2022-04-03;48.86194256073448;1029129574.5876617
waves;waves;Waves;2022-04-04;46.760808033702794;1155911778.6968932
waves;waves;Waves;2022-04-05;34.78573192703053;2271116661.3431997
waves;waves;Waves;2022-04-06;30.147686337471338;1999311707.4351165
waves;waves;Waves;2022-04-07;28.553241401027822;1272326344.0217357
waves;waves;Waves;2022-04-08;30.255617341256077;1247689072.084037
waves;waves;Waves;2022-04-09;26.403086024411774;887719062.8813293
waves;waves;Waves;2022-04-10;24.775721158868894;652892801.6686227
waves;waves;Waves;2022-04-11;23.388340957726054;747708847.7665873
waves;waves;Waves;2022-04-12;23.677661369338402;767778783.2202113
waves;waves;Waves;2022-04-13;22.335720942003494;829338917.1725558
waves;waves;Waves;2022-04-14;21.895854305901974;747892913.81422
waves;waves;Waves;2022-04-15;21.32640713810101;837219309.098816
waves;waves;Waves;2022-04-16;22.109176690528123;499463792.0031115
waves;waves;Waves;2022-04-17;21.650804002144827;442273096.916075
waves;waves;Waves;2022-04-18;20.182098384134783;318847365.98184174
waves;waves;Waves;2022-04-19;20.382506894813268;474369225.0844664
waves;waves;Waves;2022-04-20;21.159319548572615;444454730.0075999
waves;waves;Waves;2022-04-21;20.36148609077912;415356358.6762198
waves;waves;Waves;2022-04-22;19.330707868679184;384434962.2023481
waves;waves;Waves;2022-04-23;19.275454809511753;328592698.21732473
waves;waves;Waves;2022-04-24;18.579196286897904;164823307.99243698
waves;waves;Waves;2022-04-25;17.532239389510845;249926488.598208
waves;waves;Waves;2022-04-26;17.003330234454307;329313017.9936559
waves;waves;Waves;2022-04-27;15.305890258550079;334498982.2433991
waves;waves;Waves;2022-04-28;16.163798605793563;434859688.6033189
waves;waves;Waves;2022-04-29;15.438731289406809;406778546.2879405
waves;waves;Waves;2022-04-30;14.238393065199782;244046384.54153177
waves;waves;Waves;2022-05-01;13.25720271462786;91996547.37424724
waves;waves;Waves;2022-05-02;13.345528925194687;305127290.3083299
waves;waves;Waves;2022-05-03;12.553676429156425;260854089.31336144
waves;waves;Waves;2022-05-04;12.020502753846634;191639682.53304103
waves;waves;Waves;2022-05-05;15.579190330365746;941120974.2033707
waves;waves;Waves;2022-05-06;13.858768749786737;1124370195.6148007
waves;waves;Waves;2022-05-07;14.226864118741696;596795314.3942139
waves;waves;Waves;2022-05-08;13.338002606325235;337696045.7180415
waves;waves;Waves;2022-05-09;12.987319716288143;252225564.45347235
waves;waves;Waves;2022-05-10;12.763691063973013;860596022.4813817
waves;waves;Waves;2022-05-11;12.041624904668168;660067279.6001673
waves;waves;Waves;2022-05-12;8.579035339369737;297463188.159569
waves;waves;Waves;2022-05-13;6.505735660954789;21613854.070155807
waves;waves;Waves;2022-05-14;7.133785152422956;541162213.717972
waves;waves;Waves;2022-05-15;7.204110849782389;226608586.33033547
waves;waves;Waves;2022-05-16;7.26707693672235;228444994.80228415
